firstName;lastName;email;password
sindi;kurnia;sindikurnia@gmail.com;sindikurnia123
syafilla;zahra;syafilla@gmail.com;syafillazahra123
hanum;putri;hanumputri@gmail.com;hanumputri123
jema;putri;jemaputri@gmail.com;jemaputri123
zaki;putra;zakiputra@gmail.com;zakiputra123
diki;putra;dikiputra@gmail.com;dikiputra123
dika;putra;dikaputra@gmail.com;dikaputra123
satria;putra;satriaputra@gmail.com;satriaputra123
shafa;putri;shafaputri@gmail.com;shafa123
zedan;putra;zedanputra@gmail.com;zedanputra123
