firstName;lastName;email;password
sindi;kurnia;sindi@gmail.com;sindi123
syafilla;zahra;syafilla@gmail.com;syafilla123
hanum;putri;hanum@gmail.com;hanum123
jema;putri;jema@gmail.com;jema123
zaki;putra;zaki@gmail.com;zaki123
diki;putra;diki@gmail.com;diki123
dika;putra;dika@gmail.com;dika123
satria;putra;satria@gmail.com;satria123
shafa;putri;shafa@gmail.com;shafa123
zedan;putra;zedan@gmail.com;zedan123
